﻿<?xml version="1.0"?>
<doc>
<assembly>
<name>
PowerwallService
</name>
</assembly>
<members>
<member name="T:PowerwallService.My.Resources.Resources">
<summary>
  A strongly-typed resource class, for looking up localized strings, etc.
</summary>
</member>
<member name="P:PowerwallService.My.Resources.Resources.ResourceManager">
<summary>
  Returns the cached ResourceManager instance used by this class.
</summary>
</member>
<member name="P:PowerwallService.My.Resources.Resources.Culture">
<summary>
  Overrides the current thread's CurrentUICulture property for all
  resource lookups using this strongly typed resource class.
</summary>
</member>
<member name="T:PowerwallService.PWHistoryDataSet">
<summary>
Represents a strongly typed in-memory cache of data.
</summary>
</member>
<member name="T:PowerwallService.PWHistoryDataSet.batteryDataTable">
<summary>
Represents the strongly named DataTable class.
</summary>
</member>
<member name="T:PowerwallService.PWHistoryDataSet.loadDataTable">
<summary>
Represents the strongly named DataTable class.
</summary>
</member>
<member name="T:PowerwallService.PWHistoryDataSet.observationsDataTable">
<summary>
Represents the strongly named DataTable class.
</summary>
</member>
<member name="T:PowerwallService.PWHistoryDataSet.siteDataTable">
<summary>
Represents the strongly named DataTable class.
</summary>
</member>
<member name="T:PowerwallService.PWHistoryDataSet.sitemasterDataTable">
<summary>
Represents the strongly named DataTable class.
</summary>
</member>
<member name="T:PowerwallService.PWHistoryDataSet.socDataTable">
<summary>
Represents the strongly named DataTable class.
</summary>
</member>
<member name="T:PowerwallService.PWHistoryDataSet.solarDataTable">
<summary>
Represents the strongly named DataTable class.
</summary>
</member>
<member name="T:PowerwallService.PWHistoryDataSet.CompactObsDataTable">
<summary>
Represents the strongly named DataTable class.
</summary>
</member>
<member name="T:PowerwallService.PWHistoryDataSet.CompactObsLocalDataTable">
<summary>
Represents the strongly named DataTable class.
</summary>
</member>
<member name="T:PowerwallService.PWHistoryDataSet.spGet5MinuteAveragesDataTable">
<summary>
Represents the strongly named DataTable class.
</summary>
</member>
<member name="T:PowerwallService.PWHistoryDataSet.batteryRow">
<summary>
Represents strongly named DataRow class.
</summary>
</member>
<member name="T:PowerwallService.PWHistoryDataSet.loadRow">
<summary>
Represents strongly named DataRow class.
</summary>
</member>
<member name="T:PowerwallService.PWHistoryDataSet.observationsRow">
<summary>
Represents strongly named DataRow class.
</summary>
</member>
<member name="T:PowerwallService.PWHistoryDataSet.siteRow">
<summary>
Represents strongly named DataRow class.
</summary>
</member>
<member name="T:PowerwallService.PWHistoryDataSet.sitemasterRow">
<summary>
Represents strongly named DataRow class.
</summary>
</member>
<member name="T:PowerwallService.PWHistoryDataSet.socRow">
<summary>
Represents strongly named DataRow class.
</summary>
</member>
<member name="T:PowerwallService.PWHistoryDataSet.solarRow">
<summary>
Represents strongly named DataRow class.
</summary>
</member>
<member name="T:PowerwallService.PWHistoryDataSet.CompactObsRow">
<summary>
Represents strongly named DataRow class.
</summary>
</member>
<member name="T:PowerwallService.PWHistoryDataSet.CompactObsLocalRow">
<summary>
Represents strongly named DataRow class.
</summary>
</member>
<member name="T:PowerwallService.PWHistoryDataSet.spGet5MinuteAveragesRow">
<summary>
Represents strongly named DataRow class.
</summary>
</member>
<member name="T:PowerwallService.PWHistoryDataSet.batteryRowChangeEvent">
<summary>
Row event argument class
</summary>
</member>
<member name="T:PowerwallService.PWHistoryDataSet.loadRowChangeEvent">
<summary>
Row event argument class
</summary>
</member>
<member name="T:PowerwallService.PWHistoryDataSet.observationsRowChangeEvent">
<summary>
Row event argument class
</summary>
</member>
<member name="T:PowerwallService.PWHistoryDataSet.siteRowChangeEvent">
<summary>
Row event argument class
</summary>
</member>
<member name="T:PowerwallService.PWHistoryDataSet.sitemasterRowChangeEvent">
<summary>
Row event argument class
</summary>
</member>
<member name="T:PowerwallService.PWHistoryDataSet.socRowChangeEvent">
<summary>
Row event argument class
</summary>
</member>
<member name="T:PowerwallService.PWHistoryDataSet.solarRowChangeEvent">
<summary>
Row event argument class
</summary>
</member>
<member name="T:PowerwallService.PWHistoryDataSet.CompactObsRowChangeEvent">
<summary>
Row event argument class
</summary>
</member>
<member name="T:PowerwallService.PWHistoryDataSet.CompactObsLocalRowChangeEvent">
<summary>
Row event argument class
</summary>
</member>
<member name="T:PowerwallService.PWHistoryDataSet.spGet5MinuteAveragesRowChangeEvent">
<summary>
Row event argument class
</summary>
</member>
<member name="T:PowerwallService.PWHistoryDataSetTableAdapters.batteryTableAdapter">
<summary>
Represents the connection and commands used to retrieve and save data.
</summary>
</member>
<member name="T:PowerwallService.PWHistoryDataSetTableAdapters.loadTableAdapter">
<summary>
Represents the connection and commands used to retrieve and save data.
</summary>
</member>
<member name="T:PowerwallService.PWHistoryDataSetTableAdapters.observationsTableAdapter">
<summary>
Represents the connection and commands used to retrieve and save data.
</summary>
</member>
<member name="T:PowerwallService.PWHistoryDataSetTableAdapters.siteTableAdapter">
<summary>
Represents the connection and commands used to retrieve and save data.
</summary>
</member>
<member name="T:PowerwallService.PWHistoryDataSetTableAdapters.sitemasterTableAdapter">
<summary>
Represents the connection and commands used to retrieve and save data.
</summary>
</member>
<member name="T:PowerwallService.PWHistoryDataSetTableAdapters.socTableAdapter">
<summary>
Represents the connection and commands used to retrieve and save data.
</summary>
</member>
<member name="T:PowerwallService.PWHistoryDataSetTableAdapters.solarTableAdapter">
<summary>
Represents the connection and commands used to retrieve and save data.
</summary>
</member>
<member name="T:PowerwallService.PWHistoryDataSetTableAdapters.CompactObsTableAdapter">
<summary>
Represents the connection and commands used to retrieve and save data.
</summary>
</member>
<member name="T:PowerwallService.PWHistoryDataSetTableAdapters.CompactObsTALocal">
<summary>
Represents the connection and commands used to retrieve and save data.
</summary>
</member>
<member name="T:PowerwallService.PWHistoryDataSetTableAdapters.spGet5MinuteAveragesTableAdapter">
<summary>
Represents the connection and commands used to retrieve and save data.
</summary>
</member>
<member name="T:PowerwallService.PWHistoryDataSetTableAdapters.SPs">
<summary>
Represents the connection and commands used to retrieve and save data.
</summary>
</member>
<member name="T:PowerwallService.PWHistoryDataSetTableAdapters.TableAdapterManager">
<summary>
TableAdapterManager is used to coordinate TableAdapters in the dataset to enable Hierarchical Update scenarios
</summary>
</member>
<member name="M:PowerwallService.PWHistoryDataSetTableAdapters.TableAdapterManager.UpdateUpdatedRows(PowerwallService.PWHistoryDataSet,System.Collections.Generic.List{System.Data.DataRow},System.Collections.Generic.List{System.Data.DataRow})">
<summary>
Update rows in top-down order.
</summary>
</member>
<member name="M:PowerwallService.PWHistoryDataSetTableAdapters.TableAdapterManager.UpdateInsertedRows(PowerwallService.PWHistoryDataSet,System.Collections.Generic.List{System.Data.DataRow})">
<summary>
Insert rows in top-down order.
</summary>
</member>
<member name="M:PowerwallService.PWHistoryDataSetTableAdapters.TableAdapterManager.UpdateDeletedRows(PowerwallService.PWHistoryDataSet,System.Collections.Generic.List{System.Data.DataRow})">
<summary>
Delete rows in bottom-up order.
</summary>
</member>
<member name="M:PowerwallService.PWHistoryDataSetTableAdapters.TableAdapterManager.GetRealUpdatedRows(System.Data.DataRow[],System.Collections.Generic.List{System.Data.DataRow})">
<summary>
Remove inserted rows that become updated rows after calling TableAdapter.Update(inserted rows) first
</summary>
</member>
<member name="M:PowerwallService.PWHistoryDataSetTableAdapters.TableAdapterManager.UpdateAll(PowerwallService.PWHistoryDataSet)">
<summary>
Update all changes to the dataset.
</summary>
</member>
<member name="T:PowerwallService.PWHistoryDataSetTableAdapters.TableAdapterManager.UpdateOrderOption">
<summary>
Update Order Option
</summary>
</member>
<member name="T:PowerwallService.PWHistoryDataSetTableAdapters.TableAdapterManager.SelfReferenceComparer">
<summary>
Used to sort self-referenced table's rows
</summary>
</member>
</members>
</doc>
